Name,Team,Pos,No,ID
Zakhar Bardakov,COL,C,93,8482947
Gavin Brindley,COL,C,54,8484149
Ross Colton,COL,C,20,8479525
Jack Drury,COL,C,18,8480835
Nazem Kadri,COL,C,91,8475172
Parker Kelly,COL,C,17,8480448
Joel Kiviranta,COL,L,94,8481641
Gabriel Landeskog,COL,L,92,8476455
Artturi Lehkonen,COL,L,62,8477476
Nathan MacKinnon,COL,C,29,8477492
Martin Necas,COL,C,88,8480039
Brock Nelson,COL,C,11,8475754
Valeri Nichushkin,COL,R,13,8477501
Nicolas Roy,COL,C,10,8478462
Nick Blankenburg,COL,D,37,8483565
Brent Burns,COL,D,84,8470613
Brett Kulak,COL,D,27,8476967
Cale Makar,COL,D,8,8480069
Sam Malinski,COL,D,70,8484258
Josh Manson,COL,D,42,8476312
Devon Toews,COL,D,7,8478038
Mackenzie Blackwood,COL,G,39,8478406
Scott Wedgewood,COL,G,41,8475809
Nathan Bastian,DAL,R,11,8479414
Jamie Benn,DAL,L,14,8473994
Colin Blackwell,DAL,C,15,8476278
Mavrik Bourque,DAL,C,22,8482145
Michael Bunting,DAL,L,58,8478047
Oskar Bäck,DAL,C,10,8480840
Matt Duchene,DAL,C,95,8475168
Adam Erne,DAL,L,73,8477454
Radek Faksa,DAL,C,12,8476889
Roope Hintz,DAL,C,24,8478449
Justin Hryckowian,DAL,C,49,8484829
Arttu Hyry,DAL,R,25,8484938
Wyatt Johnston,DAL,C,53,8482740
Mikko Rantanen,DAL,R,96,8478420
Jason Robertson,DAL,L,21,8480027
Tyler Seguin,DAL,C,91,8475794
Sam Steel,DAL,C,18,8479351
Lian Bichsel,DAL,D,6,8483425
Kyle Capobianco,DAL,D,20,8478476
Thomas Harley,DAL,D,55,8481581
Miro Heiskanen,DAL,D,4,8480036
Esa Lindell,DAL,D,23,8476902
Nils Lundkvist,DAL,D,5,8480878
Ilya Lyubushkin,DAL,D,46,8480950
Tyler Myers,DAL,D,57,8474574
Alexander Petrovic,DAL,D,28,8475755
Casey DeSmith,DAL,G,1,8479193
Jake Oettinger,DAL,G,29,8479979
Sebastian Aho,CAR,C,20,8478427
Jackson Blake,CAR,R,53,8482809
William Carrier,CAR,L,28,8477478
Nicolas Deslauriers,CAR,L,44,8475235
Nikolaj Ehlers,CAR,L,27,8477940
Taylor Hall,CAR,L,71,8475791
Mark Jankowski,CAR,L,77,8476873
Seth Jarvis,CAR,C,24,8482093
Jesperi Kotkaniemi,CAR,C,82,8480829
Jordan Martinook,CAR,L,48,8476921
Eric Robinson,CAR,L,50,8480762
Jordan Staal,CAR,C,11,8473533
Logan Stankoven,CAR,C,22,8482702
Andrei Svechnikov,CAR,R,37,8480830
Jalen Chatfield,CAR,D,5,8478970
Shayne Gostisbehere,CAR,D,4,8476906
K'Andre Miller,CAR,D,19,8480817
Alexander Nikishin,CAR,D,21,8482100
Mike Reilly,CAR,D,6,8476422
Jaccob Slavin,CAR,D,74,8476958
Sean Walker,CAR,D,26,8480336
Frederik Andersen,CAR,G,31,8475883
Brandon Bussi,CAR,G,32,8483548
Pyotr Kochetkov,CAR,G,52,8481611
Zach Benson,BUF,L,6,8484145
Sam Carrick,BUF,C,10,8475842
Justin Danforth,BUF,R,15,8479941
Josh Doan,BUF,R,91,8482659
Josh Dunne,BUF,C,44,8482623
Jordan Greenway,BUF,L,12,8478413
Tyson Kozak,BUF,C,48,8482896
Peyton Krebs,BUF,C,19,8481522
Jiri Kulich,BUF,C,20,8483468
Beck Malenstyn,BUF,L,29,8479359
Ryan McLeod,BUF,C,71,8480802
Josh Norris,BUF,C,9,8480064
Noah Ostlund,BUF,C,86,8483500
Tanner Pearson,BUF,L,70,8476871
Jack Quinn,BUF,R,22,8482097
Tage Thompson,BUF,C,72,8479420
Alex Tuch,BUF,R,89,8477949
Jason Zucker,BUF,L,17,8475722
Bowen Byram,BUF,D,4,8481524
Rasmus Dahlin,BUF,D,26,8480839
Michael Kesselring,BUF,D,8,8480891
Zach Metsa,BUF,D,73,8484305
Owen Power,BUF,D,25,8482671
Mattias Samuelsson,BUF,D,23,8480807
Luke Schenn,BUF,D,5,8474568
Logan Stanley,BUF,D,64,8479378
Conor Timmins,BUF,D,21,8479982
Colten Ellis,BUF,G,92,8481551
Ukko-Pekka Luukkonen,BUF,G,1,8480045
Alex Lyon,BUF,G,34,8479312
Matt Boldy,MIN,L,12,8481557
Bobby Brink,MIN,R,10,8481553
Joel Eriksson Ek,MIN,C,14,8478493
Robby Fabbri,MIN,C,21,8477952
Marcus Foligno,MIN,L,17,8475220
Nick Foligno,MIN,L,71,8473422
Hunter Haight,MIN,C,37,8483452
Ryan Hartman,MIN,R,38,8477451
Marcus Johansson,MIN,L,90,8475149
Kirill Kaprizov,MIN,L,97,8478864
Michael McCarron,MIN,C,47,8477446
Nico Sturm,MIN,C,78,8481477
Vladimir Tarasenko,MIN,R,91,8475765
Yakov Trenin,MIN,C,13,8478508
Danila Yurov,MIN,R,22,8483525
Mats Zuccarello,MIN,R,36,8475692
Zach Bogosian,MIN,D,24,8474567
Jonas Brodin,MIN,D,25,8476463
Brock Faber,MIN,D,7,8482122
Quinn Hughes,MIN,D,43,8480800
Daemon Hunt,MIN,D,48,8482094
Jake Middleton,MIN,D,5,8478136
Jeff Petry,MIN,D,2,8473507
Jared Spurgeon,MIN,D,46,8474716
Filip Gustavsson,MIN,G,32,8479406
Jesper Wallstedt,MIN,G,30,8482661
Oliver Bjorkstrand,TBL,R,22,8477416
Anthony Cirelli,TBL,C,71,8478519
Zemgus Girgensons,TBL,C,28,8476878
Gage Goncalves,TBL,C,93,8482201
Yanni Gourde,TBL,C,37,8476826
Jake Guentzel,TBL,C,59,8477404
Brandon Hagel,TBL,L,38,8479542
Pontus Holmberg,TBL,R,29,8480995
Dominic James,TBL,C,17,8483752
Nikita Kucherov,TBL,R,86,8476453
Nick Paul,TBL,L,20,8477426
Corey Perry,TBL,R,10,8470621
Brayden Point,TBL,C,21,8478010
Scott Sabourin,TBL,R,46,8477149
Declan Carlile,TBL,D,67,8483398
Erik Cernak,TBL,D,81,8478416
Max Crozier,TBL,D,24,8481719
Charle-Edouard D'Astous,TBL,D,51,8480426
Victor Hedman,TBL,D,77,8475167
Emil Lilleberg,TBL,D,78,8482929
Ryan McDonagh,TBL,D,27,8474151
J.J. Moser,TBL,D,90,8482655
Darren Raddysh,TBL,D,43,8478178
Steven Santini,TBL,D,16,8477463
Jonas Johansson,TBL,G,31,8477992
Andrei Vasilevskiy,TBL,G,88,8476883
Noel Acciari,PIT,C,55,8478569
Justin Brazeau,PIT,R,16,8479638
Egor Chinakhov,PIT,R,59,8482475
Sidney Crosby,PIT,C,87,8471675
Connor Dewar,PIT,C,19,8480980
Filip Hallander,PIT,C,11,8480842
Kevin Hayes,PIT,R,13,8475763
Ben Kindel,PIT,C,81,8485414
Ville Koivunen,PIT,R,41,8482758
Blake Lizotte,PIT,C,46,8481481
Evgeni Malkin,PIT,C,71,8471215
Anthony Mantha,PIT,R,39,8477511
Tommy Novak,PIT,C,18,8478438
Rickard Rakell,PIT,R,67,8476483
Bryan Rust,PIT,R,17,8475810
Elmer Soderblom,PIT,L,25,8481725
Connor Clifton,PIT,D,75,8477365
Samuel Girard,PIT,D,49,8479398
Ryan Graves,PIT,D,27,8477435
Erik Karlsson,PIT,D,65,8474578
Kris Letang,PIT,D,58,8471724
Ryan Shea,PIT,D,5,8478854
Ilya Solovyov,PIT,D,7,8482470
Jack St. Ivany,PIT,D,3,8481030
Parker Wotherspoon,PIT,D,28,8478450
Arturs Silovs,PIT,G,37,8481668
Stuart Skinner,PIT,G,74,8479973
Josh Anderson,MTL,R,17,8476981
Zachary Bolduc,MTL,R,76,8482737
Cole Caufield,MTL,R,13,8481540
Kirby Dach,MTL,C,77,8481523
Phillip Danault,MTL,C,24,8476479
Ivan Demidov,MTL,R,93,8484984
Jake Evans,MTL,C,71,8478133
Brendan Gallagher,MTL,R,11,8475848
Oliver Kapanen,MTL,C,91,8482775
Patrik Laine,MTL,R,92,8479339
Alex Newhook,MTL,C,15,8481618
Juraj Slafkovský,MTL,L,20,8483515
Nick Suzuki,MTL,C,14,8480018
Alexandre Texier,MTL,L,85,8480074
Joe Veleno,MTL,C,90,8480813
Alexandre Carrier,MTL,D,45,8478851
Noah Dobson,MTL,D,53,8480865
Kaiden Guhle,MTL,D,21,8482087
Lane Hutson,MTL,D,48,8483457
Mike Matheson,MTL,D,8,8476875
Jayden Struble,MTL,D,47,8481593
Arber Xhekaj,MTL,D,72,8482964
Jakub Dobes,MTL,G,75,8482487
Jacob Fowler,MTL,G,32,8484170
Samuel Montembeault,MTL,G,35,8478470
Viktor Arvidsson,BOS,L,71,8478042
Michael Eyssimont,BOS,C,81,8479591
Morgan Geekie,BOS,C,39,8479987
Tanner Jeannot,BOS,L,84,8479661
Mark Kastelic,BOS,C,47,8480355
Marat Khusnutdinov,BOS,C,92,8482177
Sean Kuraly,BOS,C,52,8476374
Elias Lindholm,BOS,C,28,8477496
Fraser Minten,BOS,C,93,8483489
Casey Mittelstadt,BOS,C,11,8479999
David Pastrnak,BOS,R,88,8477956
Lukas Reichel,BOS,L,75,8482117
Alex Steeves,BOS,C,21,8482634
Pavel Zacha,BOS,C,18,8478401
Jonathan Aspirot,BOS,D,45,8481219
Jordan Harris,BOS,D,43,8480887
Henri Jokiharju,BOS,D,20,8480035
Hampus Lindholm,BOS,D,27,8476854
Mason Lohrei,BOS,D,6,8482511
Charlie McAvoy,BOS,D,73,8479325
Andrew Peeke,BOS,D,26,8479369
Nikita Zadorov,BOS,D,91,8477507
Joonas Korpisalo,BOS,G,70,8476914
Jeremy Swayman,BOS,G,1,8480280
Charlie Coyle,CBJ,C,3,8475745
Adam Fantilli,CBJ,C,19,8484166
Conor Garland,CBJ,R,83,8478856
Danton Heinen,CBJ,L,43,8478046
Boone Jenner,CBJ,C,38,8476432
Kent Johnson,CBJ,C,91,8482660
Isac Lundeström,CBJ,C,21,8480806
Kirill Marchenko,CBJ,R,86,8480893
Mason Marchment,CBJ,L,17,8478975
Sean Monahan,CBJ,C,23,8477497
Mathieu Olivier,CBJ,R,24,8479671
Cole Sillinger,CBJ,C,4,8482705
Dmitri Voronkov,CBJ,L,10,8481716
Miles Wood,CBJ,L,11,8477425
Jake Christiansen,CBJ,D,2,8481161
Dante Fabbro,CBJ,D,15,8479371
Erik Gudbranson,CBJ,D,44,8475790
Denton Mateychuk,CBJ,D,5,8483485
Ivan Provorov,CBJ,D,9,8478500
Damon Severson,CBJ,D,78,8476923
Brendan Smith,CBJ,D,7,8474090
Zach Werenski,CBJ,D,8,8478460
Egor Zamula,CBJ,D,6,8481178
Jet Greaves,CBJ,G,73,8482982
Elvis Merzlikins,CBJ,G,90,8478007
Mason Appleton,DET,C,22,8478891
Michael Brandsegg-Nygård,DET,R,28,8484794
J.T. Compher,DET,L,37,8477456
Andrew Copp,DET,C,18,8477429
Alex DeBrincat,DET,R,93,8479337
Sheldon Dries,DET,C,15,8480326
Emmitt Finnie,DET,C,58,8484471
Patrick Kane,DET,R,88,8474141
Marco Kasper,DET,C,92,8483464
Dylan Larkin,DET,C,71,8477946
David Perron,DET,L,57,8474102
Michael Rasmussen,DET,C,27,8479992
Lucas Raymond,DET,L,23,8482078
Dominik Shine,DET,R,65,8479942
James van Riemsdyk,DET,L,21,8474037
Jacob Bernard-Docker,DET,D,25,8480879
Ben Chiarot,DET,D,8,8475279
Simon Edvinsson,DET,D,77,8482762
Justin Faulk,DET,D,72,8475753
Travis Hamonic,DET,D,52,8474612
Albert Johansson,DET,D,20,8481607
Axel Sandin-Pellikka,DET,D,44,8484223
Moritz Seider,DET,D,53,8481542
John Gibson,DET,G,36,8476434
Cam Talbot,DET,G,39,8475660
Mathew Barzal,NYI,C,13,8478445
Casey Cizikas,NYI,C,53,8475231
Anthony Duclair,NYI,L,11,8477407
Marc Gatcomb,NYI,C,16,8483553
Emil Heineman,NYI,L,51,8482476
Simon Holmstrom,NYI,R,92,8481601
Bo Horvat,NYI,C,14,8477500
Anders Lee,NYI,L,27,8475314
Kyle MacLean,NYI,C,32,8481237
Jean-Gabriel Pageau,NYI,C,44,8476419
Ondrej Palat,NYI,L,81,8476292
Kyle Palmieri,NYI,C,21,8475151
Calum Ritchie,NYI,C,64,8484221
Brayden Schenn,NYI,C,10,8475170
Max Shabanov,NYI,R,49,8485702
Adam Boqvist,NYI,D,34,8480871
Tony DeAngelo,NYI,D,77,8477950
Scott Mayfield,NYI,D,24,8476429
Adam Pelech,NYI,D,3,8476917
Ryan Pulock,NYI,D,6,8477506
Alexander Romanov,NYI,D,28,8481014
Matthew Schaefer,NYI,D,48,8485366
Carson Soucy,NYI,D,4,8477369
David Rittich,NYI,G,33,8479496
Ilya Sorokin,NYI,G,30,8478009
Semyon Varlamov,NYI,G,40,8473575
Michael Amadio,OTT,R,22,8478020
Drake Batherson,OTT,R,19,8480208
Nick Cousins,OTT,C,21,8476393
Dylan Cozens,OTT,C,24,8481528
Lars Eller,OTT,C,89,8474189
Warren Foegele,OTT,L,37,8477998
Claude Giroux,OTT,R,28,8473512
Ridly Greig,OTT,C,71,8482092
Stephen Halliday,OTT,C,83,8483676
Kurtis MacDermid,OTT,L,23,8477073
Shane Pinto,OTT,C,12,8481596
Tim Stützle,OTT,C,18,8482116
Brady Tkachuk,OTT,L,7,8480801
Fabian Zetterlund,OTT,L,20,8480188
Thomas Chabot,OTT,D,72,8478469
Dennis Gilbert,OTT,D,6,8478502
Nick Jensen,OTT,D,3,8475324
Tyler Kleven,OTT,D,43,8482095
Nikolas Matinpalo,OTT,D,33,8484321
Jake Sanderson,OTT,D,85,8482105
Jordan Spence,OTT,D,10,8481606
Lassi Thomson,OTT,D,60,8481575
Artem Zub,OTT,D,2,8482245
James Reimer,OTT,G,47,8473503
Linus Ullmark,OTT,G,35,8476999
Leo Carlsson,ANA,C,91,8484153
Cutter Gauthier,ANA,L,61,8483445
Mikael Granlund,ANA,C,64,8475798
Jansen Harkins,ANA,C,24,8478424
Ross Johnston,ANA,L,44,8477527
Alex Killorn,ANA,L,17,8473986
Chris Kreider,ANA,L,20,8475184
Mason McTavish,ANA,C,23,8482745
Ryan Poehling,ANA,C,25,8480068
Beckett Sennecke,ANA,R,45,8484762
Troy Terry,ANA,R,19,8478873
Frank Vatrano,ANA,R,77,8478366
Jeffrey Viel,ANA,L,28,8479705
Tim Washe,ANA,C,42,8485512
John Carlson,ANA,D,74,8474590
Radko Gudas,ANA,D,7,8475462
Drew Helleson,ANA,D,14,8481563
Jackson LaCombe,ANA,D,2,8481605
Pavel Mintyukov,ANA,D,98,8483490
Ian Moore,ANA,D,3,8482178
Jacob Trouba,ANA,D,65,8476885
Olen Zellweger,ANA,D,51,8482803
Lukas Dostal,ANA,G,1,8480843
Ville Husso,ANA,G,33,8478024
Petr Mrazek,ANA,G,34,8475852
Rodrigo Abols,PHI,C,18,8479022
Denver Barkey,PHI,C,52,8484142
Alex Bump,PHI,L,20,8483731
Noah Cates,PHI,L,27,8480220
Sean Couturier,PHI,C,14,8476461
Christian Dvorak,PHI,C,22,8477989
Tyson Foerster,PHI,R,71,8482159
Luke Glendening,PHI,C,41,8476822
Nikita Grebenkin,PHI,R,29,8483733
Carl Grundstrom,PHI,R,91,8479336
Garnet Hathaway,PHI,R,19,8477903
Travis Konecny,PHI,R,11,8478439
Matvei Michkov,PHI,R,39,8484387
Owen Tippett,PHI,R,74,8480015
Garrett Wilson,PHI,L,10,8475253
Trevor Zegras,PHI,C,46,8481533
Emil Andrae,PHI,D,36,8482126
Jamie Drysdale,PHI,D,9,8482142
Noah Juulsen,PHI,D,47,8478454
Rasmus Ristolainen,PHI,D,55,8477499
Travis Sanheim,PHI,D,6,8477948
Nick Seeler,PHI,D,24,8476372
Cam York,PHI,D,8,8481546
Samuel Ersson,PHI,G,33,8481035
Dan Vladar,PHI,G,80,8478435
Anthony Beauvillier,WSH,R,72,8478463
Pierre-Luc Dubois,WSH,C,80,8479400
Brandon Duhaime,WSH,L,22,8479520
Ethen Frank,WSH,R,53,8483573
David Kampf,WSH,C,64,8480144
Hendrix Lapierre,WSH,C,29,8482148
Ryan Leonard,WSH,R,9,8484186
Connor McMichael,WSH,L,24,8481580
Alex Ovechkin,WSH,L,8,8471214
Aliaksei Protas,WSH,L,21,8481656
Justin Sourdif,WSH,C,34,8482088
Dylan Strome,WSH,C,17,8478440
Tom Wilson,WSH,R,43,8476880
Declan Chisholm,WSH,D,47,8480990
Jakob Chychrun,WSH,D,6,8479345
Martin Fehérváry,WSH,D,42,8480796
Cole Hutson,WSH,D,44,8484873
Timothy Liljegren,WSH,D,27,8480043
Dylan McIlrath,WSH,D,52,8475795
Matt Roy,WSH,D,3,8478911
Rasmus Sandin,WSH,D,38,8480873
Trevor van Riemsdyk,WSH,D,57,8477845
Charlie Lindgren,WSH,G,79,8479292
Logan Thompson,WSH,G,48,8480313
Michael Carcone,UTA,L,53,8479619
Logan Cooley,UTA,C,92,8483431
Lawson Crouse,UTA,L,67,8478474
Dylan Guenther,UTA,R,11,8482699
Barrett Hayton,UTA,C,27,8480849
Clayton Keller,UTA,R,9,8479343
Alexander Kerfoot,UTA,C,15,8477021
Jack McBain,UTA,C,22,8480855
Liam O'Brien,UTA,C,38,8477070
JJ Peterka,UTA,R,77,8482175
Nick Schmaltz,UTA,C,8,8477951
Kevin Stenlund,UTA,C,82,8478831
Brandon Tanev,UTA,L,13,8479293
Kailer Yamamoto,UTA,R,56,8479977
Ian Cole,UTA,D,28,8474013
Nick DeSimone,UTA,D,57,8480084
Sean Durzi,UTA,D,50,8480434
John Marino,UTA,D,6,8478507
Nate Schmidt,UTA,D,88,8477220
Mikhail Sergachev,UTA,D,98,8479410
MacKenzie Weegar,UTA,D,52,8477346
Vitek Vanecek,UTA,G,41,8477970
Karel Vejmelka,UTA,G,70,8478872
Colton Dach,EDM,C,34,8482703
Jason Dickinson,EDM,C,16,8477450
Leon Draisaitl,EDM,C,29,8477934
Trent Frederic,EDM,C,10,8479365
Adam Henrique,EDM,C,19,8474641
Zach Hyman,EDM,L,18,8475786
Mattias Janmark,EDM,C,13,8477406
Roby Jarventie,EDM,L,15,8482162
Max Jones,EDM,L,46,8479368
Kasperi Kapanen,EDM,R,42,8477953
Curtis Lazar,EDM,C,20,8477508
Connor McDavid,EDM,C,97,8478402
Ryan Nugent-Hopkins,EDM,C,93,8476454
Vasily Podkolzin,EDM,R,92,8481617
Jack Roslovic,EDM,C,28,8478458
Josh Samanski,EDM,C,81,8484509
Matt Savoie,EDM,C,22,8483512
Evan Bouchard,EDM,D,2,8480803
Mattias Ekholm,EDM,D,14,8475218
Ty Emberson,EDM,D,49,8480834
Connor Murphy,EDM,D,5,8476473
Darnell Nurse,EDM,D,25,8477498
Spencer Stastney,EDM,D,24,8481056
Jake Walman,EDM,D,96,8478013
Connor Ingram,EDM,G,39,8478971
Tristan Jarry,EDM,G,35,8477465
Ivan Barbashev,VGK,L,49,8477964
Braeden Bowman,VGK,R,42,8483890
Pavel Dorofeyev,VGK,R,16,8481604
Nic Dowd,VGK,C,26,8475343
Jack Eichel,VGK,C,9,8478403
Tomas Hertl,VGK,C,48,8476881
Alexander Holtz,VGK,R,11,8482125
Brett Howden,VGK,C,21,8479353
William Karlsson,VGK,C,71,8476448
Keegan Kolesar,VGK,R,55,8478434
Mitch Marner,VGK,R,93,8478483
Jonas Rondbjerg,VGK,R,46,8480007
Brandon Saad,VGK,L,20,8476438
Colton Sissons,VGK,C,10,8476925
Cole Smith,VGK,R,22,8482062
Reilly Smith,VGK,R,19,8475191
Mark Stone,VGK,R,61,8475913
Rasmus Andersson,VGK,D,4,8478397
Noah Hanifin,VGK,D,15,8478396
Ben Hutton,VGK,D,17,8477018
Kaedan Korczak,VGK,D,6,8481527
Jeremy Lauzon,VGK,D,5,8478468
Brayden McNabb,VGK,D,3,8475188
Shea Theodore,VGK,D,27,8477447
Carter Hart,VGK,G,79,8479394
Adin Hill,VGK,G,33,8478499
Akira Schmid,VGK,G,40,8481033
Luke Evangelista,NSH,R,77,8482146
Filip Forsberg,NSH,L,9,8476887
Erik Haula,NSH,L,56,8475287
Tyson Jost,NSH,C,17,8479370
Joakim Kemell,NSH,R,25,8483465
Zachary L'Heureux,NSH,L,68,8482742
Jonathan Marchessault,NSH,C,81,8476539
Ryan O'Reilly,NSH,C,90,8475158
Reid Schaefer,NSH,L,49,8483513
Steven Stamkos,NSH,C,91,8474564
Fedor Svechkov,NSH,C,40,8482768
Ozzy Wiesblatt,NSH,C,89,8482103
Matthew Wood,NSH,R,71,8484241
Justin Barron,NSH,D,20,8482111
Nicolas Hague,NSH,D,41,8479980
Roman Josi,NSH,D,59,8474600
Nick Perbix,NSH,D,48,8480246
Brady Skjei,NSH,D,76,8476869
Ryan Ufko,NSH,D,85,8482715
Adam Wilsby,NSH,D,83,8482482
Justus Annunen,NSH,G,29,8481020
Matt Murray,NSH,G,32,8483575
Juuse Saros,NSH,G,74,8477424
Nick Bjugstad,NJD,C,72,8475760
Jesper Bratt,NJD,L,63,8479407
Connor Brown,NJD,R,16,8477015
Paul Cotter,NJD,L,47,8481032
Evgenii Dadonov,NJD,L,33,8474149
Cody Glass,NJD,C,12,8479996
Arseny Gritsyuk,NJD,R,81,8481721
Lenni Hameenaho,NJD,R,29,8484177
Nico Hischier,NJD,C,13,8480002
Jack Hughes,NJD,C,86,8481559
Zack MacEwen,NJD,R,15,8479772
Timo Meier,NJD,R,28,8478414
Dawson Mercer,NJD,C,91,8482110
Stefan Noesen,NJD,R,11,8476474
Maxim Tsyplakov,NJD,R,42,8484958
Dennis Cholowski,NJD,D,44,8479395
Brenden Dillon,NJD,D,5,8475455
Dougie Hamilton,NJD,D,7,8476462
Luke Hughes,NJD,D,43,8482684
Johnathan Kovacevic,NJD,D,8,8480192
Simon Nemec,NJD,D,17,8483495
Brett Pesce,NJD,D,22,8477488
Jonas Siegenthaler,NJD,D,71,8478399
Jake Allen,NJD,G,34,8474596
Jacob Markstrom,NJD,G,25,8474593
Joel Armia,LAK,R,40,8476469
Quinton Byfield,LAK,R,55,8482124
Kevin Fiala,LAK,L,22,8477942
Samuel Helenius,LAK,C,79,8482726
Mathieu Joseph,LAK,R,17,8478472
Adrian Kempe,LAK,R,9,8477960
Anze Kopitar,LAK,C,11,8471685
Andrei Kuzmenko,LAK,L,96,8483808
Alex Laferriere,LAK,R,14,8482155
Scott Laughton,LAK,C,21,8476872
Andre Lee,LAK,L,47,8481732
Jeff Malott,LAK,L,39,8482408
Trevor Moore,LAK,L,12,8479675
Artemi Panarin,LAK,L,10,8478550
Alex Turcotte,LAK,C,15,8481532
Taylor Ward,LAK,R,52,8483406
Jared Wright,LAK,R,53,8483756
Mikey Anderson,LAK,D,44,8479998
Cody Ceci,LAK,D,5,8476879
Brandt Clarke,LAK,D,92,8482730
Drew Doughty,LAK,D,8,8474563
Brian Dumoulin,LAK,D,2,8475208
Joel Edmundson,LAK,D,6,8476441
Jacob Moverare,LAK,D,43,8479421
Anton Forsberg,LAK,G,31,8476341
Darcy Kuemper,LAK,G,35,8475311
Aleksander Barkov,FLA,C,16,8477493
Sam Bennett,FLA,C,9,8477935
Jesper Boqvist,FLA,C,70,8480003
Nolan Foote,FLA,L,25,8481518
Jonah Gadjovich,FLA,L,12,8479981
A.J. Greer,FLA,L,10,8478421
Vinnie Hinostroza,FLA,C,24,8476994
Luke Kunin,FLA,C,71,8479316
Anton Lundell,FLA,C,15,8482113
Eetu Luostarinen,FLA,C,27,8480185
Brad Marchand,FLA,L,63,8473419
Tomas Nosek,FLA,L,92,8477931
Cole Reinhardt,FLA,L,29,8481133
Sam Reinhart,FLA,C,13,8477933
Evan Rodrigues,FLA,C,17,8478542
Mackie Samoskevich,FLA,R,11,8482713
Cole Schwindt,FLA,C,79,8481655
Matthew Tkachuk,FLA,L,19,8479314
Carter Verhaeghe,FLA,C,23,8477409
Uvis Balinskis,FLA,D,26,8484304
Mike Benning,FLA,D,20,8482107
Tobias Bjornfot,FLA,D,22,8481600
Aaron Ekblad,FLA,D,5,8477932
Gustav Forsling,FLA,D,42,8478055
Seth Jones,FLA,D,3,8477495
Dmitry Kulikov,FLA,D,7,8475179
Niko Mikkola,FLA,D,77,8478859
Donovan Sebrango,FLA,D,6,8482131
Sergei Bobrovsky,FLA,G,72,8475683
Daniil Tarasov,FLA,G,40,8480193
Matty Beniers,SEA,C,10,8482665
Berkly Catton,SEA,C,27,8484800
Jordan Eberle,SEA,R,7,8474586
Frederick Gaudreau,SEA,C,89,8477919
Kaapo Kakko,SEA,R,84,8481554
Jared McCann,SEA,L,19,8477955
Bobby McMann,SEA,C,74,8482259
Jacob Melanson,SEA,R,63,8482874
Ben Meyers,SEA,C,59,8483570
Jani Nyman,SEA,R,38,8483497
Jaden Schwartz,SEA,L,17,8475768
Chandler Stephenson,SEA,C,9,8476905
Eeli Tolvanen,SEA,R,20,8480009
Ryan Winterton,SEA,C,26,8482751
Shane Wright,SEA,C,51,8483524
Vince Dunn,SEA,D,29,8478407
Ryker Evans,SEA,D,41,8482858
Cale Fleury,SEA,D,8,8479985
Adam Larsson,SEA,D,6,8476457
Ryan Lindgren,SEA,D,55,8479324
Joshua Mahura,SEA,D,28,8479372
Brandon Montour,SEA,D,62,8477986
Jamie Oleksiak,SEA,D,24,8476467
Joey Daccord,SEA,G,35,8478916
Philipp Grubauer,SEA,G,31,8475831
Matt Murray,SEA,G,30,8476899
Easton Cowan,TOR,R,53,8484158
Max Domi,TOR,C,11,8477503
Bo Groulx,TOR,C,29,8480870
Calle Jarnkrok,TOR,C,19,8475714
Dakota Joshua,TOR,C,81,8478057
Matthew Knies,TOR,L,23,8482720
Steven Lorentz,TOR,C,18,8478904
Matias Maccelli,TOR,L,63,8481711
Auston Matthews,TOR,C,34,8479318
William Nylander,TOR,R,88,8477939
Michael Pezzetta,TOR,L,61,8479543
Jacob Quillan,TOR,C,26,8484901
Nicholas Robertson,TOR,L,89,8481582
John Tavares,TOR,C,91,8475166
Simon Benoit,TOR,D,2,8481122
Brandon Carlo,TOR,D,25,8478443
Oliver Ekman-Larsson,TOR,D,95,8475171
Jake McCabe,TOR,D,22,8476931
Philippe Myers,TOR,D,51,8479026
Morgan Rielly,TOR,D,44,8476853
Troy Stecher,TOR,D,28,8479442
Chris Tanev,TOR,D,8,8475690
Anthony Stolarz,TOR,G,41,8476932
Joseph Woll,TOR,G,60,8479361
Macklin Celebrini,SJS,C,71,8484801
Igor Chernyshov,SJS,L,92,8484994
Ty Dellandrea,SJS,C,10,8480848
William Eklund,SJS,L,72,8482667
Adam Gaudette,SJS,R,81,8478874
Barclay Goodrow,SJS,C,23,8476624
Collin Graf,SJS,R,51,8484911
Philipp Kurashev,SJS,C,96,8480798
Michael Misa,SJS,C,77,8485402
Zack Ostapchuk,SJS,C,63,8482859
Ryan Reaves,SJS,R,75,8471817
Pavol Regenda,SJS,L,84,8483630
Kiefer Sherwood,SJS,L,44,8480748
Will Smith,SJS,C,2,8484227
Tyler Toffoli,SJS,C,73,8475726
Alexander Wennberg,SJS,C,21,8477505
Vincent Desharnais,SJS,D,5,8479576
Sam Dickinson,SJS,D,6,8484806
Mario Ferraro,SJS,D,38,8479983
John Klingberg,SJS,D,3,8475906
Nick Leddy,SJS,D,4,8475181
Shakir Mukhamadullin,SJS,D,85,8482166
Dmitry Orlov,SJS,D,9,8475200
Yaroslav Askarov,SJS,G,30,8482137
Laurent Brossoit,SJS,G,93,8476316
Alex Nedeljkovic,SJS,G,33,8477968
Morgan Barron,WPG,C,36,8480289
Kyle Connor,WPG,L,81,8478398
Alex Iafallo,WPG,L,9,8480113
Cole Koepke,WPG,L,45,8481043
Brad Lambert,WPG,C,93,8483471
Adam Lowry,WPG,C,17,8476392
Vladislav Namestnikov,WPG,C,7,8476480
Nino Niederreiter,WPG,R,62,8475799
Gustav Nyquist,WPG,R,14,8474679
Cole Perfetti,WPG,C,91,8482149
Isak Rosen,WPG,R,27,8482765
Mark Scheifele,WPG,C,55,8476460
Jonathan Toews,WPG,C,19,8473604
Gabriel Vilardi,WPG,C,13,8480014
Jacob Bryson,WPG,D,78,8480196
Dylan DeMelo,WPG,D,2,8476331
Haydn Fleury,WPG,D,24,8477938
Ville Heinola,WPG,D,34,8481572
Colin Miller,WPG,D,6,8476525
Josh Morrissey,WPG,D,44,8477504
Neal Pionk,WPG,D,4,8480145
Elias Salomonsson,WPG,D,57,8483510
Dylan Samberg,WPG,D,54,8480049
Eric Comrie,WPG,G,1,8477480
Connor Hellebuyck,WPG,G,37,8476945
Jonatan Berggren,STL,R,29,8481013
Pavel Buchnevich,STL,L,89,8477402
Jonathan Drouin,STL,L,92,8477494
Dalibor Dvorsky,STL,R,54,8484164
Jack Finley,STL,C,37,8482090
Dylan Holloway,STL,L,81,8482077
Jordan Kyrou,STL,R,25,8479385
Jake Neighbours,STL,L,63,8482089
Jimmy Snuggerud,STL,R,21,8483516
Otto Stenberg,STL,C,28,8484230
Oskar Sundqvist,STL,C,70,8476897
Pius Suter,STL,C,22,8480459
Robert Thomas,STL,C,18,8480023
Alexey Toropchenko,STL,R,13,8480281
Nathan Walker,STL,L,26,8477573
Philip Broberg,STL,D,6,8481598
Cam Fowler,STL,D,17,8475764
Justin Holl,STL,D,4,8475718
Matthew Kessel,STL,D,51,8482516
Theo Lindstein,STL,D,41,8484188
Logan Mailloux,STL,D,23,8482733
Colton Parayko,STL,D,55,8476892
Tyler Tucker,STL,D,75,8481006
Jordan Binnington,STL,G,50,8476412
Joel Hofer,STL,G,30,8480981
Jonny Brodzinski,NYR,C,22,8477380
Jaroslav Chmelar,NYR,R,49,8482877
Will Cuylle,NYR,L,50,8482157
Adam Edstrom,NYR,C,84,8481726
Tye Kartye,NYR,L,24,8481789
Noah Laba,NYR,C,42,8483690
Alexis Lafrenière,NYR,L,13,8482109
J.T. Miller,NYR,C,8,8476468
Juuso Parssinen,NYR,C,71,8481704
Gabe Perreault,NYR,R,94,8484210
Taylor Raddysh,NYR,R,14,8479390
Matt Rempe,NYR,C,73,8482460
Conor Sheary,NYR,L,43,8477839
Vincent Trocheck,NYR,C,16,8476389
Mika Zibanejad,NYR,C,93,8476459
Will Borgen,NYR,D,17,8478840
Adam Fox,NYR,D,23,8479323
Vladislav Gavrikov,NYR,D,44,8478882
Vincent Iorio,NYR,D,6,8482861
Connor Mackey,NYR,D,12,8482067
Matthew Robertson,NYR,D,29,8481525
Braden Schneider,NYR,D,4,8482073
Urho Vaakanainen,NYR,D,18,8480001
Dylan Garand,NYR,G,33,8482193
Jonathan Quick,NYR,G,32,8471734
Igor Shesterkin,NYR,G,31,8478048
Connor Bedard,CHI,C,98,8484144
Tyler Bertuzzi,CHI,L,59,8477479
Sacha Boisvert,CHI,C,12,8484793
Andre Burakovsky,CHI,L,28,8477444
Ryan Donato,CHI,C,8,8477987
Ryan Greene,CHI,C,20,8483450
Sam Lafferty,CHI,C,24,8478043
Nick Lardis,CHI,L,76,8484185
Andrew Mangiapane,CHI,L,26,8478233
Ilya Mikheyev,CHI,R,95,8481624
Oliver Moore,CHI,C,11,8484197
Frank Nazar,CHI,C,91,8483493
Landon Slaggert,CHI,L,84,8482172
Teuvo Teravainen,CHI,C,86,8476882
Dominic Toninato,CHI,C,25,8476952
Louis Crevier,CHI,D,46,8481806
Ethan Del Mastro,CHI,D,38,8482807
Matt Grzelcyk,CHI,D,48,8476891
Wyatt Kaiser,CHI,D,44,8482176
Artyom Levshunov,CHI,D,55,8484783
Sam Rinzel,CHI,D,6,8483506
Alex Vlasic,CHI,D,72,8481568
Spencer Knight,CHI,G,30,8481519
Arvid Soderblom,CHI,G,40,8482821
Mikael Backlund,CGY,C,11,8474150
John Beecher,CGY,C,18,8481556
Blake Coleman,CGY,L,20,8476399
Matt Coronato,CGY,R,27,8482679
Joel Farabee,CGY,L,86,8480797
Morgan Frost,CGY,C,16,8480028
Matvei Gridin,CGY,R,92,8484860
Tyson Gross,CGY,C,39,8486056
Samuel Honzek,CGY,L,29,8484180
Jonathan Huberdeau,CGY,L,10,8476456
Adam Klapka,CGY,R,43,8483609
Ryan Lomberg,CGY,L,70,8479066
Victor Olofsson,CGY,L,95,8478109
Martin Pospisil,CGY,C,76,8481028
Yegor Sharangovich,CGY,C,17,8481068
Ryan Strome,CGY,C,22,8476458
Connor Zary,CGY,C,47,8482074
Kevin Bahl,CGY,D,7,8480860
Jake Bean,CGY,D,24,8479402
Hunter Brzustewicz,CGY,D,48,8484150
Joel Hanley,CGY,D,44,8477810
Yan Kuznetsov,CGY,D,37,8482165
Olli Määttä,CGY,D,3,8476874
Brayden Pachal,CGY,D,94,8481167
Zayne Parekh,CGY,D,19,8484768
Zach Whitecloud,CGY,D,28,8480727
Devin Cooley,CGY,G,1,8482445
Dustin Wolf,CGY,G,32,8481692
Nils Aman,VAN,C,88,8482496
Teddy Blueger,VAN,C,53,8476927
Brock Boeser,VAN,R,6,8478444
Filip Chytil,VAN,C,72,8480078
Jake DeBrusk,VAN,L,74,8478498
Curtis Douglas,VAN,C,42,8480876
Nils Hoglander,VAN,L,21,8481535
Evander Kane,VAN,L,91,8475169
Linus Karlsson,VAN,C,94,8481024
Drew O'Connor,VAN,L,18,8482055
Liam Ohgren,VAN,L,92,8483499
Elias Pettersson,VAN,C,40,8480012
Aatu Räty,VAN,C,54,8482691
Marco Rossi,VAN,C,93,8482079
Max Sasson,VAN,C,63,8484136
Zeev Buium,VAN,D,24,8484798
Derek Forbort,VAN,D,27,8475762
Filip Hronek,VAN,D,17,8479425
Pierre-Olivier Joseph,VAN,D,7,8480058
Victor Mancini,VAN,D,90,8483768
Elias Pettersson,VAN,D,25,8483678
Marcus Pettersson,VAN,D,29,8477969
Tom Willander,VAN,D,5,8484240
Thatcher Demko,VAN,G,35,8477967
Kevin Lankinen,VAN,G,32,8480947
Nikita Tolopilo,VAN,G,60,8484268
